[
{
  "model": "blog.category",
  "pk": 1,
  "fields": {
    "created_at": "2022-12-18T23:03:52.159Z",
    "is_published": true,
    "title": "Den kak den",
    "slug": "routine",
    "description": "U vas ubezhalo moloko? Vy otrazili ataku inoplanetyan, kak i pozavchera?\r\nRasskazhite, kak prokhodyat vashi samye obychnye dni."
  }
},
{
  "model": "blog.category",
  "pk": 2,
  "fields": {
    "created_at": "2022-12-18T23:04:21.682Z",
    "is_published": true,
    "title": "Zdorove",
    "slug": "health",
    "description": "Kak sokhranit fizicheskoe zdorove, ne rasteryav dushevnogo spokoistviya? Istorii o sporte i ZOZh, o boleznyakh i vyzdorovleniyakh — pishite v etu kategoriyu!"
  }
},
{
  "model": "blog.category",
  "pk": 3,
  "fields": {
    "created_at": "2022-12-18T23:04:48.750Z",
    "is_published": true,
    "title": "Nablyudeniya",
    "slug": "details",
    "description": "Mir polon vazhnymi sobytiyami i detalyami, o kotorykh ne pishut v gazetakh i ne govoryat po TV. Rasskazyvaite zdes obo vsem, chto vidite vokrug sebya!"
  }
},
{
  "model": "blog.category",
  "pk": 4,
  "fields": {
    "created_at": "2022-12-18T23:05:14.572Z",
    "is_published": true,
    "title": "Posidelki",
    "slug": "party",
    "description": "Vecherinki, vstrechi, simpoziumy i diskussii — obo vsem etom pishite i chitaite v category «Posidelki». Pro interesnye zoom-konferentsii tozhe mozhno."
  }
},
{
  "model": "blog.category",
  "pk": 5,
  "fields": {
    "created_at": "2022-12-18T23:05:41.354Z",
    "is_published": true,
    "title": "Puteshestviya",
    "slug": "travel",
    "description": "Pishite, chitaite i obsuzhdaite rasskazy o puteshestviyakh. Zdes rady vsem, kto lyubit stranstviya i dorozhnye baiki."
  }
},
{
  "model": "blog.category",
  "pk": 6,
  "fields": {
    "created_at": "2022-12-18T23:06:07.543Z",
    "is_published": true,
    "title": "Rabota",
    "slug": "work",
    "description": "Rasskazhite o svoei rabote i o tom, chto vy delaete seichas. Eto category dlya posts trudogolikov-ekstravertov, dobro pozhalovat!"
  }
},
{
  "model": "blog.location",
  "pk": 1,
  "fields": {
    "created_at": "2022-12-18T23:00:36.479Z",
    "is_published": true,
    "name": "Baiona"
  }
},
{
  "model": "blog.location",
  "pk": 2,
  "fields": {
    "created_at": "2022-12-18T23:00:51.057Z",
    "is_published": true,
    "name": "Biarrits"
  }
},
{
  "model": "blog.location",
  "pk": 3,
  "fields": {
    "created_at": "2022-12-18T23:01:08.177Z",
    "is_published": true,
    "name": "Melikhovo"
  }
},
{
  "model": "blog.location",
  "pk": 4,
  "fields": {
    "created_at": "2022-12-18T23:01:15.237Z",
    "is_published": true,
    "name": "Monte-Karlo"
  }
},
{
  "model": "blog.location",
  "pk": 5,
  "fields": {
    "created_at": "2022-12-18T23:01:34.377Z",
    "is_published": true,
    "name": "Moskva"
  }
},
{
  "model": "blog.location",
  "pk": 6,
  "fields": {
    "created_at": "2022-12-18T23:01:47.101Z",
    "is_published": true,
    "name": "Nikolskoe-Obolyaninovo"
  }
},
{
  "model": "blog.location",
  "pk": 7,
  "fields": {
    "created_at": "2022-12-18T23:02:04.372Z",
    "is_published": true,
    "name": "Nitstsa"
  }
},
{
  "model": "blog.location",
  "pk": 8,
  "fields": {
    "created_at": "2022-12-18T23:02:08.988Z",
    "is_published": true,
    "name": "Parizh"
  }
},
{
  "model": "blog.location",
  "pk": 9,
  "fields": {
    "created_at": "2022-12-18T23:02:15.074Z",
    "is_published": true,
    "name": "Peterburg"
  }
},
{
  "model": "blog.location",
  "pk": 10,
  "fields": {
    "created_at": "2022-12-18T23:02:34.910Z",
    "is_published": true,
    "name": "Serpukhov"
  }
},
{
  "model": "blog.location",
  "pk": 11,
  "fields": {
    "created_at": "2022-12-18T23:02:38.961Z",
    "is_published": true,
    "name": "Tver"
  }
},
{
  "model": "blog.location",
  "pk": 12,
  "fields": {
    "created_at": "2022-12-18T23:02:43.798Z",
    "is_published": true,
    "name": "Torzhok"
  }
},
{
  "model": "blog.post",
  "pk": 1,
  "fields": {
    "created_at": "2022-12-18T23:06:18.993Z",
    "is_published": true,
    "title": "Obed",
    "text": "Obed u V. A. Morozovoi. Byli Chuprov, Sobolevskii, Blaramberg, Sablin i ya.",
    "pub_date": "1897-02-13T00:00:00Z",
    "author": 3,
    "category": 4,
    "location": 5
  }
},
{
  "model": "blog.post",
  "pk": 2,
  "fields": {
    "created_at": "2022-12-18T23:06:18.995Z",
    "is_published": true,
    "title": "Bliny",
    "text": "15 fevr. Bliny u Soldatenkova. Byli tolko ya i Goltsev. Mnogo khoroshikh kartin, no pochti vse oni durno povesheny. Posle blinov poekhali k Levitanu, u kotorogo Soldatenkov kupil kartinu i dva etyuda za 1 100 r. Znakomstvo s Fieldnovym. Vecherom byl u prof. Ostroumova; govorit, chto Levitanu «ne minovat smerti». Sam on bolen i, po-vidimomu, trusit.",
    "pub_date": "1897-02-15T00:00:00Z",
    "author": 3,
    "category": 4,
    "location": 5
  }
},
{
  "model": "blog.post",
  "pk": 3,
  "fields": {
    "created_at": "2022-12-18T23:06:18.998Z",
    "is_published": true,
    "title": "Sobralis v redaktsii «Russkoi mysli»",
    "text": "16 fevr. vecherom sobralis v redaktsii «Russkoi mysli», chtoby pogovorit o narodnom teatre. Proekt Shekhtelya vsem nravitsya.",
    "pub_date": "1897-02-16T00:00:00Z",
    "author": 3,
    "category": 4,
    "location": 5
  }
},
{
  "model": "blog.post",
  "pk": 4,
  "fields": {
    "created_at": "2022-12-18T23:06:19.001Z",
    "is_published": true,
    "title": "Obed v «Kontinentale»",
    "text": "19-go fevr. obed v «Kontinentale» v pamyat velikoi reformy. Skuchno i nelepo. Obedat, pit shampanskoe, galdet, govorit rechi na temu o narodnom samosoznanii, o narodnoi sovesti, svobode i t. p. v to vremya, kogda krugom stola snuyut raby vo frakakh, te zhe krepostnye, i na ulitse, na moroze zhdut kuchera, — eto znachit lgat svyatomu dukhu.",
    "pub_date": "1897-02-19T00:00:00Z",
    "author": 3,
    "category": 4,
    "location": 5
  }
},
{
  "model": "blog.post",
  "pk": 5,
  "fields": {
    "created_at": "2022-12-18T23:06:19.004Z",
    "is_published": true,
    "title": "Lyubitelskii spektakl",
    "text": "22 fevr. poekhal v Serpukhov na lyubitelskii spektakl v polzu Novoselskoi shkoly. Do Tsaritsyna menya provozhala Gannele-Ozerova, malenkaya koroleva v izgnanii, — aktrisa, voobrazhayushchaya sebya velikoi, neobrazovannaya i nemnozhko vulgarnaya.",
    "pub_date": "1897-02-22T00:00:00Z",
    "author": 3,
    "category": 1,
    "location": 10
  }
},
{
  "model": "blog.post",
  "pk": 6,
  "fields": {
    "created_at": "2022-12-18T23:06:19.006Z",
    "is_published": true,
    "title": "Krovokharkane",
    "text": "S 25 marta po 10 aprelya lezhal v klinike Ostroumova. Krovokharkane. V obeikh verkhushkakh khripy, vydokh; v pravoi prituplenie. 28 marta prikhodil ko mne Tolstoi L. N.; govorili o bessmertii. Ya rasskazal emu soderzhanie rasskaza Nosilova «Teatr u vogulov» — i on, po-vidimomu, proslushal s bolshim udovolstviem.",
    "pub_date": "1897-04-10T00:00:00Z",
    "author": 3,
    "category": 2,
    "location": 5
  }
},
{
  "model": "blog.post",
  "pk": 7,
  "fields": {
    "created_at": "2022-12-18T23:06:19.009Z",
    "is_published": true,
    "title": "Priezzhal ko mne Ivan Shcheglov",
    "text": "Priezzhal ko mne Ivan Shcheglov. Blagodarit za chai i obed, izvinyaetsya, boitsya opozdat na poezd, mnogo govorit, chasto vspominaet o svoei zhene, kak gogolevskii Mizhuev, suet dlya prochteniya korrekturu svoei pesy — to odin list, to drugoi, khokhochet, branit Menshikova, kotorogo «proglotil» Tolstoi, uveryaet, chto zastrelil by Stasyulevicha, esli by poslednii v kachestve prezidenta respubliki prisutstvoval na parade, opyat khokhochet, pachkaet svoi usy shchami, malo est — i vse-taki v kontse kontsov dobryi chelovek.",
    "pub_date": "1897-05-01T00:00:00Z",
    "author": 3,
    "category": 1,
    "location": 5
  }
},
{
  "model": "blog.post",
  "pk": 8,
  "fields": {
    "created_at": "2022-12-18T23:06:19.012Z",
    "is_published": true,
    "title": "Gosti",
    "text": "Prikhodili v gosti monakhi iz monastyrya. Priezzhala Dasha Musina-Pushkina, vdova inzhenera Glebova, ubitogo na okhote, ona zhe Tsikada. Mnogo pela.",
    "pub_date": "1897-05-04T00:00:00Z",
    "author": 3,
    "category": 1,
    "location": 3
  }
},
{
  "model": "blog.post",
  "pk": 9,
  "fields": {
    "created_at": "2022-12-18T23:06:19.015Z",
    "is_published": true,
    "title": "Dve shkoly",
    "text": "24 maya ekzamenoval v Chirkove dve shkoly: Chirkovskuyu i Mikhailovskuyu.",
    "pub_date": "1897-05-24T00:00:00Z",
    "author": 3,
    "category": 1,
    "location": 3
  }
},
{
  "model": "blog.post",
  "pk": 10,
  "fields": {
    "created_at": "2022-12-18T23:06:19.018Z",
    "is_published": true,
    "title": "Osvyashchenie shkoly v Novoselkakh",
    "text": "13 iyulya bylo osvyashchenie shkoly v Novoselkakh, kotoruyu ya stroil. Krestyane podnesli mne obraz s nadpisyu. Zemstvo otsutstvovalo.",
    "pub_date": "1897-07-13T00:00:00Z",
    "author": 3,
    "category": 1,
    "location": 3
  }
},
{
  "model": "blog.post",
  "pk": 11,
  "fields": {
    "created_at": "2022-12-18T23:06:19.020Z",
    "is_published": true,
    "title": "Menya pishet khudozhnik",
    "text": "Menya pishet khudozhnik Braz (dlya Tretyakovskoi galerei). Poziruyu po dva raza v den.",
    "pub_date": "1897-07-13T00:00:00Z",
    "author": 3,
    "category": 1,
    "location": 3
  }
},
{
  "model": "blog.post",
  "pk": 12,
  "fields": {
    "created_at": "2022-12-18T23:06:19.023Z",
    "is_published": true,
    "title": "Medal",
    "text": "Poluchil medal za perepis.",
    "pub_date": "1897-07-22T00:00:00Z",
    "author": 3,
    "category": 1,
    "location": 9
  }
},
{
  "model": "blog.post",
  "pk": 13,
  "fields": {
    "created_at": "2022-12-18T23:06:19.026Z",
    "is_published": true,
    "title": "Ya v Peterburge",
    "text": "Ya v Peterburge. Ostanovilsya u Suvorina, v zale. Videlsya s Vl. Tikhonovym, kotoryi zhalovalsya na svoyu isteriyu i khvalil svoi proizvedeniya; videlsya s P. Gnedichem i s Evt<ikhiem> Karpovym, pokazyvavshim mne, kak Leikin igral ispanskogo granda.",
    "pub_date": "1897-07-23T00:00:00Z",
    "author": 3,
    "category": 1,
    "location": 9
  }
},
{
  "model": "blog.post",
  "pk": 14,
  "fields": {
    "created_at": "2022-12-18T23:06:19.029Z",
    "is_published": true,
    "title": "Klopy",
    "text": "27 iyulya u Leikina v Ivanovskom. 28-go v Moskve. V redaktsii «Russkoi mysli», v divane klopy.",
    "pub_date": "1897-07-28T00:00:00Z",
    "author": 3,
    "category": 3,
    "location": 5
  }
},
{
  "model": "blog.post",
  "pk": 15,
  "fields": {
    "created_at": "2022-12-18T23:06:19.032Z",
    "is_published": true,
    "title": "Parizh",
    "text": "Priekhal v Parizh. Moulin rouge, danse du ventre, Café du Néan s grobami, Café du Ciel i proch.",
    "pub_date": "1897-09-04T00:00:00Z",
    "author": 3,
    "category": 5,
    "location": 8
  }
},
{
  "model": "blog.post",
  "pk": 16,
  "fields": {
    "created_at": "2022-12-18T23:06:19.034Z",
    "is_published": true,
    "title": "Zdes mnogo russkikh",
    "text": "V Biarritse. Zdes V. M. Sobolevskii i V. A. Morozova. Kazhdyi russkii v Biarritse zhaluetsya, chto zdes mnogo russkikh.",
    "pub_date": "1897-09-08T00:00:00Z",
    "author": 3,
    "category": 5,
    "location": 2
  }
},
{
  "model": "blog.post",
  "pk": 17,
  "fields": {
    "created_at": "2022-12-18T23:06:19.037Z",
    "is_published": true,
    "title": "Boi s korovami",
    "text": "Baiona. Grande course landaise. Boi s korovami.",
    "pub_date": "1897-09-14T00:00:00Z",
    "author": 3,
    "category": 5,
    "location": 1
  }
},
{
  "model": "blog.post",
  "pk": 18,
  "fields": {
    "created_at": "2022-12-18T23:06:19.039Z",
    "is_published": true,
    "title": "Doroga",
    "text": "Iz Biarritsa v Nitstsu cherez Tuluzu.",
    "pub_date": "1897-09-22T00:00:00Z",
    "author": 3,
    "category": 5,
    "location": 7
  }
},
{
  "model": "blog.post",
  "pk": 19,
  "fields": {
    "created_at": "2022-12-18T23:06:19.042Z",
    "is_published": true,
    "title": "Znakomstvo s Maksimom Kovalevskim",
    "text": "Nitstsa. Poselilsya v Pension Russe. Znakomstvo s Maksimom Kovalevskim, zavtraki u nego v Beaulieu, v obshchestve N. I. Yurasova i khudozhnika Yakobi. V Monte-Karlo.",
    "pub_date": "1897-09-23T00:00:00Z",
    "author": 3,
    "category": 4,
    "location": 7
  }
},
{
  "model": "blog.post",
  "pk": 20,
  "fields": {
    "created_at": "2022-12-18T23:06:19.046Z",
    "is_published": true,
    "title": "Priznaniya shpiona",
    "text": "Priznaniya shpiona.",
    "pub_date": "1897-10-07T00:00:00Z",
    "author": 3,
    "category": 6,
    "location": 7
  }
},
{
  "model": "blog.post",
  "pk": 21,
  "fields": {
    "created_at": "2022-12-18T23:06:19.049Z",
    "is_published": true,
    "title": "Nepriyatnoe zrelishche",
    "text": "Videl, kak mat Bashkirtsevoi igrala v ruletku. Nepriyatnoe zrelishche.",
    "pub_date": "1897-10-09T00:00:00Z",
    "author": 3,
    "category": 3,
    "location": 4
  }
},
{
  "model": "blog.post",
  "pk": 22,
  "fields": {
    "created_at": "2022-12-18T23:06:19.052Z",
    "is_published": true,
    "title": "Krazha",
    "text": "Monte-Karlo. Ya videl, kak krupe ukral zolotoi.",
    "pub_date": "1897-11-15T00:00:00Z",
    "author": 3,
    "category": 3,
    "location": 4
  }
},
{
  "model": "blog.post",
  "pk": 23,
  "fields": {
    "created_at": "2022-12-18T23:06:19.055Z",
    "is_published": true,
    "title": "Pokupki",
    "text": "Priekhav ot gubernatora, ya s Guriem Nikolaevichem otpravilsya dlya raznykh pokupok. Kupili masla chukhonskogo, spirtu, kolbasy i ryby. Sterlyad 8 vershkov stoit 50 kop. serebrom, ne deshevle moskovskogo. Izgotovili sterlyad v parovoi kastryule i poeli s bolshim vkusom. Vecherom opyat khodili na naberezhnuyu; vse to zhe, chto i vchera, tolko rozovykh platkov bolshe. Voda sbyla s lishkom na sazhen i bliz naberezhnoi stoyali dva izyashchnykh parokhoda. Noch provel eshche bespokoinee, chem vchera; teper chuvstvuyu sebya dovolno khorosho.",
    "pub_date": "1856-04-20T00:00:00Z",
    "author": 4,
    "category": 1,
    "location": 11
  }
},
{
  "model": "blog.post",
  "pk": 24,
  "fields": {
    "created_at": "2022-12-18T23:06:19.059Z",
    "is_published": true,
    "title": "Otdokhnuli",
    "text": "Vchera poutru byl u kuptsa N. Ya. Voroshilova, kotoryi obeshchal soobshchit raznye svedeniya o sudostroenii i sudokhodstve. Zakhodil k chudaku kuptsu Lavrovu, kotoryi mozhet byt fieldzen po okhote i rybnoi lovle. Potom izgotovili dlya sebya bifshteks s kartofelem i poobedali. Posle obeda khodili za Tmaku udit rybu. Okhotnikov dovolno, i, kak vidno, ochen lovkikh, no beret tolko ukleika, potomu my, ne lovivshi i ochen ustavshi, vernulis domoi dovolno rano. Otdokhnuli, pouzhinali i legli spat. Noch provel neskolko pokoinee. Ya dogadalsya, otchego u menya po nocham byvaet volnenie: ya, posle sidyachei zhizni, vdrug nachal delat ochen mnogo dvizheniya. Vchera ya khodil v odnom syurtuke, i to bylo zharko, vecherom slyshali pervyi grom, i shel nebolshoi dozhd. Na ulitsakh narodnoi zhizni sovershenno ne zametno, pesen vovse ne slykhat. Segodnya poutru dolzhen byl otpravitsya pervyi parokhod iz Tveri s passazhirami; my vstali v 7-m chasu i poshli na naberezhnuyu; no parokhod pochemu-to ne poshel. Ryadom s dvumya pervymi stoit tretii parokhod tochno takoi zhe velichiny i izyashchestva, tak chto ikh trudno otlichit odin ot drugogo. Prishli domoi i zanyalis chaem, yavilsya kupets Lavrov i mezhdu prochimi rasskazami uvedomil nas, chto v Tveri strashnye grabezhi. Kogda ya sprosil, otchego ne slykhat pesen, on otvechal, chto politsiya gorazdo strozhe smotrit na pesni, chem na grabezhi.",
    "pub_date": "1856-04-21T00:00:00Z",
    "author": 4,
    "category": 4,
    "location": 11
  }
},
{
  "model": "blog.post",
  "pk": 25,
  "fields": {
    "created_at": "2022-12-18T23:06:19.062Z",
    "is_published": true,
    "title": "Khodili za Tmaku.",
    "text": "V subbotu vmeste s Lavrovym khodili za Tmaku. Smotreli sukonnuyu fabriku, vystroennuyu kompaniei moskovskikh kuptsov v ogromnykh; razmerakh. Berega Tmaki useyany rybolovami, kotorye lovyat na udochku ukleiku. Odin rybak (veroyatno, okhotnik) lovil rybu, stoya v malenkom chelnoke, kotoryi imel ne bolee vershka zapasu nad vodoi i menee 2 sazhen dliny. Upravlyaya odnim veslom, on zakidyval nebolshuyu set, uzkuyu i dlinnuyu, s poplavkami, chtoby ona odnoi storonoi derzhalas na vode, sobiral ee, vybiral i brosal v chelnok, i vse eto s neimovernym soblyudeniem balansa, inache on nepremenno dolzhen byl oprokinutsya i s chelnokom. Vecher proveli doma v raznykh zanyatiyakh. V voskresene ezdili smotret zavolzhskie kvartaly. Vecherom byl Lavrov, naboltal s tri koroba, -- vprochem, govoril i delo, -- o zloupotrebleniyakh gradskikh golov. Segodnya za delo, dovolno gulyat. Edu k raznym dolzhnostnym litsam.",
    "pub_date": "1856-04-23T00:00:00Z",
    "author": 4,
    "category": 3,
    "location": 11
  }
},
{
  "model": "blog.post",
  "pk": 26,
  "fields": {
    "created_at": "2022-12-18T23:06:19.066Z",
    "is_published": true,
    "title": "Prosidel ves den doma",
    "text": "V ponedelnik utrom byl u Kolyshkina. On eshche v Moskve. Po sluchayu tabelnogo dnya dolzhnostnye litsa byli u obedni. Prosidel ves den doma. Vchera poutru chasov v 6 khodili smotret, kak otkhodyat parokhody, byl u Kolyshkina, on vse eshche ne priezzhal. Po sluchayu durnoi pogody prosidel vecher doma. Segodnya edu opyat k Kolyshkinu. Chto-to bog dast?",
    "pub_date": "1856-04-25T00:00:00Z",
    "author": 4,
    "category": 1,
    "location": 11
  }
},
{
  "model": "blog.post",
  "pk": 27,
  "fields": {
    "created_at": "2022-12-18T23:06:19.068Z",
    "is_published": true,
    "title": "Poobedali v traktire",
    "text": "V seredu Kolyshkina ne zastal. Poobedali v traktire. V 5-m chasu poekhal na zheleznuyu dorogu v nadezhde vstretit Grigoreva, Grigorev ne priekhal. Na stantsii vstretil D. G. Rzhevskogo, o kotorom sovsem bylo zabyl. Videlsya s Kraevskim, kotoryi ekhal v Peterburg. Vecherom byl u Rzhevskogo, tam vozobnovil znakomstvo s Unkovskim, s kotorym poznakomilsya v proshlyi priezd v Tver. On teper sudei; chelovek veselyi, otkrytyi i ochen umnyi. V chetverg utrom byl u Kolyshkina i nashel v nem vesma delnogo i milogo cheloveka. On obeshchal soobshchit mne vse svedeniya, kakie mozhet. Obedal doma. Vecherom igrali s Lavrovym v karty. Segodnya sizhu doma, zhdu vizitov. Vot uzhe chetvertyi den nenastnaya pogoda meshaet mne lovit rybu, a segodnya dazhe ochen kholodno.",
    "pub_date": "1856-04-27T00:00:00Z",
    "author": 4,
    "category": 4,
    "location": 11
  }
},
{
  "model": "blog.post",
  "pk": 28,
  "fields": {
    "created_at": "2022-12-18T23:06:19.071Z",
    "is_published": true,
    "title": "Kolyshkin",
    "text": "Sredi dnya byl Kolyshkin, privez opisanie Tverskoi gubernii i obeshchal dostavit v ponedelnik svedeniya. Vecherom byl u Rzhevskogo. Tam byl Unkovskii i uchitel Garusov (chudak estestvennyi); proveli vremya ochen priyatno. Vchera poutru byl doma. Zaezzhal Unkovskii. Obedal u nego. Byli Rzhevskii, Gerusov i Kozakov, chelovek zamechatelnyi, khotya tozhe chudak. Ezdil na dorogu vstrechat Ganyu. Chasov v 7 gulyali, pokazyval ei Tver. Vecherom byl Lavrov. Segodnya poutru khodili na rynok, kupili smorchkov, otlichnye udilishcha, kakikh net v Moskve, po 2 kopeiki serebrom.",
    "pub_date": "1856-04-29T00:00:00Z",
    "author": 4,
    "category": 4,
    "location": 11
  }
},
{
  "model": "blog.post",
  "pk": 29,
  "fields": {
    "created_at": "2022-12-18T23:06:19.074Z",
    "is_published": true,
    "title": "Noch ne spal",
    "text": "Sereda. 2-e maya. 10 chasov utra.\r\n(Prodolzhenie). Poobedali doma, potom khodili rybu lovit. Poimali tolko dvukh okunei. Vecherom byl Lavrov, igrali v karty. V ponedelnik do vechera prosidel s Ganei doma. Byl Unkovskii. Vecherom khodil ne nadolgo k Kolyshkinu. Tam poznakomilsya s Preobrazhenskim. Pouzhinali doma, noch ne spal. Ezdil provozhat Ganyu na dorogu, videli prevoskhodnoe utro i voskhod solntsa. Poutru gulyali po naberezhnoi. Posle obeda byl Preobrazhenskii, nagovoril mnogo khoroshego. Vecherom byl u Rzhevskikh.",
    "pub_date": "1856-05-02T00:00:00Z",
    "author": 4,
    "category": 4,
    "location": 11
  }
},
{
  "model": "blog.post",
  "pk": 30,
  "fields": {
    "created_at": "2022-12-18T23:06:19.077Z",
    "is_published": true,
    "title": "Prodolzhenie",
    "text": "Subbota. 5 maya (prodolzhenie).\r\nVchera po doroge iz Gorodni zaezzhali v Koshelevo k svyashchenniku, u kotorogo dumali naiti dokumenty o Gorodne, no nashli tolko to, chto uzhe videl Preobrazhenskii. Chasa v 2 priekhali v Tver. Vecherom byl u Unkovskogo i poznakomilsya tam s Potulovym, naznachennym gubernatorom v Orenburg. Segodnya byli Unkovskii i Lavrov, prosidel doma. Nachal statyu o Gorodne.",
    "pub_date": "1856-05-05T00:00:00Z",
    "author": 4,
    "category": 6,
    "location": 11
  }
},
{
  "model": "blog.post",
  "pk": 31,
  "fields": {
    "created_at": "2022-12-18T23:06:19.080Z",
    "is_published": true,
    "title": "Poluchil Russkuyu besedu",
    "text": "Poluchil Russkuyu besedu i pismo Drianskogo, s applicationm Gorodskogo listka, gde podletsy, vospolzovavshis moim otsutstviem, izblevali novuyu gadost. Napishu ob etom v Moskovskie vedomosti. Byl ochen ogorchen i ne mog ni za chto prinyatsya.",
    "pub_date": "1856-05-06T00:00:00Z",
    "author": 4,
    "category": 1,
    "location": 11
  }
},
{
  "model": "blog.post",
  "pk": 32,
  "fields": {
    "created_at": "2022-12-18T23:06:19.083Z",
    "is_published": true,
    "title": "Nemnogo uspokoilsya",
    "text": "Vchera chital Russkuyu besedu i nemnogo uspokoilsya. Vecherom byl Kolyshkin. Segodnya edu v statisticheskii komitet i k gubernatoru.",
    "pub_date": "1856-05-08T00:00:00Z",
    "author": 4,
    "category": 1,
    "location": 11
  }
},
{
  "model": "blog.post",
  "pk": 33,
  "fields": {
    "created_at": "2022-12-18T23:06:19.086Z",
    "is_published": true,
    "title": "Pozdravil Kolyshkina",
    "text": "Vchera u gubernatora ne byl, nelzya bylo ekhat Kolyshkinu. Segodnya byl u Kolyshkina, pozdravil ego s angelom. Ezdili s nim k gubernatoru, kotoryi prinyal nas ochen khorosho. Obedal u Unkovskogo, tam byli Rzhevskii, inspektor Orenburgskoi gubernii i Kozakov; chital \"Svoi lyudi -- sochtemsya\".",
    "pub_date": "1856-05-09T00:00:00Z",
    "author": 4,
    "category": 4,
    "location": 11
  }
},
{
  "model": "blog.post",
  "pk": 34,
  "fields": {
    "created_at": "2022-12-18T23:06:19.088Z",
    "is_published": true,
    "title": "Polnoch. Torzhok.",
    "text": "10 maya. 12 chasov. Polnoch. Torzhok.\r\nSegodnya poutru sobiralis. Poobedali, vzyali Lavrova s soboi i poekhali v Torzhok.",
    "pub_date": "1856-05-10T00:00:00Z",
    "author": 4,
    "category": 5,
    "location": 12
  }
},
{
  "model": "blog.post",
  "pk": 35,
  "fields": {
    "created_at": "2022-12-18T23:06:19.091Z",
    "is_published": true,
    "title": "Khodili po gorodu",
    "text": "Khodili po gorodu, kotoryi raspolozhen na gorakh. Vid s bulvara na tu storonu Tvertsy vyshe vsyakoi pokhvaly. Byl gorodnichii. Potom byl vinnyi pristav Razvadovskii (rybolov). Rekomendovalsya tak: chest imeyu predstavitsya, chelovek s bolshimi usami i malymi sposobnostyami. Zamechatelen kostyum zdeshnikh zhenshchin i gulyane devushek po vecheram na bulvare.",
    "pub_date": "1856-05-11T00:00:00Z",
    "author": 4,
    "category": 3,
    "location": 12
  }
},
{
  "model": "blog.post",
  "pk": 36,
  "fields": {
    "created_at": "2022-12-18T23:06:19.094Z",
    "is_published": true,
    "title": "Zhiv. Sovershenno zdorov.",
    "text": "Zhiv. Sovershenno zdorov. Nynche pisal dovol[no] khorosho. Vecherom posle obeda khodil v Shchelkovo. Ochen byla priyatna progulka pri lunnom svete. Napisal pismo Poshe, otkrytoe. Poluchil pismo ot Tregubova. Razdrazhaetsya za to, chto perekhvatyvayut pisma. A ya ne dosaduyu. Ponyal, chto nado zhalet ikh, i istinno zhaleyu. Zavtra edem. My zdes tselyi mesyats.",
    "pub_date": "1897-03-02T00:00:00Z",
    "author": 2,
    "category": 6,
    "location": 6
  }
},
{
  "model": "blog.post",
  "pk": 37,
  "fields": {
    "created_at": "2022-12-18T23:06:19.097Z",
    "is_published": true,
    "title": "Utrom pochti ne zanimalsya",
    "text": "Utrom pochti ne zanimalsya. Zapnulsya nad istoricheskim khodom iskusstva. Gulyal. Posle obeda poekhal. Priekhal v 10. Doma khorosho by, da ne druzhno.",
    "pub_date": "1897-03-04T00:00:00Z",
    "author": 2,
    "category": 1,
    "location": 5
  }
},
{
  "model": "blog.post",
  "pk": 38,
  "fields": {
    "created_at": "2022-12-18T23:06:19.099Z",
    "is_published": true,
    "title": "Batyushki, skolko dnei propustil",
    "text": "Batyushki, skolko dnei propustil. Nynche 9 Mar. Moskva. Iz etikh 4-kh dnei dnya dva pisal Ob iskusstve i nynche dovolno mnogo. Ochen zakhotelos pisat Kh[adzhi]-M[urata] i kak-to khorosho obdumalos — umilitelno. Ot Poshi pismo; napisal Ch[ertkovu] i Koni o strashnom sobytii s Vetrovoi. Ne budu pisat, chto zapisano. Vse v tom zhe spokoinom, p[otomu] ch[to] lyubovnom nastroenii. Kak tolko khochetsya ogorchitsya, ustat, vspomnyu pro Boga i pro to, chto delo moe odno: lyubit, ne dumaya o tom, chto budet, i seichas legko. Tanya uezzhaet v Yasnuyu.",
    "pub_date": "1897-03-09T00:00:00Z",
    "author": 2,
    "category": 1,
    "location": 5
  }
},
{
  "model": "blog.post",
  "pk": 39,
  "fields": {
    "created_at": "2022-12-18T23:06:19.102Z",
    "is_published": true,
    "title": "Ne durno prozhil",
    "text": "Ne durno prozhil. Vizhu konets v state ob iskusstve. Vse to zhe spokoistvie. Blagodaryu Boga. Seichas napisal pisma. Vecher. Idu v skuchnuyu gostin[uyu].",
    "pub_date": "1897-03-15T00:00:00Z",
    "author": 2,
    "category": 1,
    "location": 5
  }
},
{
  "model": "admin.logentry",
  "pk": 1,
  "fields": {
    "action_time": "2022-12-18T22:58:32.970Z",
    "user": 1,
    "content_type": 7,
    "object_id": "2",
    "object_repr": "leo",
    "action_flag": 1,
    "change_message": "[{\"added\": {}}]"
  }
},
{
  "model": "admin.logentry",
  "pk": 2,
  "fields": {
    "action_time": "2022-12-18T22:58:46.672Z",
    "user": 1,
    "content_type": 7,
    "object_id": "3",
    "object_repr": "anton",
    "action_flag": 1,
    "change_message": "[{\"added\": {}}]"
  }
},
{
  "model": "admin.logentry",
  "pk": 3,
  "fields": {
    "action_time": "2022-12-18T22:58:59.142Z",
    "user": 1,
    "content_type": 7,
    "object_id": "4",
    "object_repr": "alex",
    "action_flag": 1,
    "change_message": "[{\"added\": {}}]"
  }
},
{
  "model": "admin.logentry",
  "pk": 4,
  "fields": {
    "action_time": "2022-12-18T22:59:22.949Z",
    "user": 1,
    "content_type": 7,
    "object_id": "2",
    "object_repr": "leo",
    "action_flag": 2,
    "change_message": "[{\"changed\": {\"fields\": [\"First name\", \"Last name\"]}}]"
  }
},
{
  "model": "admin.logentry",
  "pk": 5,
  "fields": {
    "action_time": "2022-12-18T22:59:35.767Z",
    "user": 1,
    "content_type": 7,
    "object_id": "3",
    "object_repr": "anton",
    "action_flag": 2,
    "change_message": "[{\"changed\": {\"fields\": [\"First name\", \"Last name\"]}}]"
  }
},
{
  "model": "admin.logentry",
  "pk": 6,
  "fields": {
    "action_time": "2022-12-18T23:00:05.266Z",
    "user": 1,
    "content_type": 7,
    "object_id": "4",
    "object_repr": "alex",
    "action_flag": 2,
    "change_message": "[{\"changed\": {\"fields\": [\"First name\", \"Last name\"]}}]"
  }
},
{
  "model": "admin.logentry",
  "pk": 7,
  "fields": {
    "action_time": "2022-12-18T23:00:36.481Z",
    "user": 1,
    "content_type": 2,
    "object_id": "1",
    "object_repr": "Baiona",
    "action_flag": 1,
    "change_message": "[{\"added\": {}}]"
  }
},
{
  "model": "admin.logentry",
  "pk": 8,
  "fields": {
    "action_time": "2022-12-18T23:00:51.058Z",
    "user": 1,
    "content_type": 2,
    "object_id": "2",
    "object_repr": "Biarrits",
    "action_flag": 1,
    "change_message": "[{\"added\": {}}]"
  }
},
{
  "model": "admin.logentry",
  "pk": 9,
  "fields": {
    "action_time": "2022-12-18T23:01:08.179Z",
    "user": 1,
    "content_type": 2,
    "object_id": "3",
    "object_repr": "Melikhovo",
    "action_flag": 1,
    "change_message": "[{\"added\": {}}]"
  }
},
{
  "model": "admin.logentry",
  "pk": 10,
  "fields": {
    "action_time": "2022-12-18T23:01:15.239Z",
    "user": 1,
    "content_type": 2,
    "object_id": "4",
    "object_repr": "Monte-Karlo",
    "action_flag": 1,
    "change_message": "[{\"added\": {}}]"
  }
},
{
  "model": "admin.logentry",
  "pk": 11,
  "fields": {
    "action_time": "2022-12-18T23:01:34.379Z",
    "user": 1,
    "content_type": 2,
    "object_id": "5",
    "object_repr": "Moskva",
    "action_flag": 1,
    "change_message": "[{\"added\": {}}]"
  }
},
{
  "model": "admin.logentry",
  "pk": 12,
  "fields": {
    "action_time": "2022-12-18T23:01:47.104Z",
    "user": 1,
    "content_type": 2,
    "object_id": "6",
    "object_repr": "Nikolskoe-Obolyaninovo",
    "action_flag": 1,
    "change_message": "[{\"added\": {}}]"
  }
},
{
  "model": "admin.logentry",
  "pk": 13,
  "fields": {
    "action_time": "2022-12-18T23:02:04.374Z",
    "user": 1,
    "content_type": 2,
    "object_id": "7",
    "object_repr": "Nitstsa",
    "action_flag": 1,
    "change_message": "[{\"added\": {}}]"
  }
},
{
  "model": "admin.logentry",
  "pk": 14,
  "fields": {
    "action_time": "2022-12-18T23:02:08.990Z",
    "user": 1,
    "content_type": 2,
    "object_id": "8",
    "object_repr": "Parizh",
    "action_flag": 1,
    "change_message": "[{\"added\": {}}]"
  }
},
{
  "model": "admin.logentry",
  "pk": 15,
  "fields": {
    "action_time": "2022-12-18T23:02:15.076Z",
    "user": 1,
    "content_type": 2,
    "object_id": "9",
    "object_repr": "Peterburg",
    "action_flag": 1,
    "change_message": "[{\"added\": {}}]"
  }
},
{
  "model": "admin.logentry",
  "pk": 16,
  "fields": {
    "action_time": "2022-12-18T23:02:34.914Z",
    "user": 1,
    "content_type": 2,
    "object_id": "10",
    "object_repr": "Serpukhov",
    "action_flag": 1,
    "change_message": "[{\"added\": {}}]"
  }
},
{
  "model": "admin.logentry",
  "pk": 17,
  "fields": {
    "action_time": "2022-12-18T23:02:38.963Z",
    "user": 1,
    "content_type": 2,
    "object_id": "11",
    "object_repr": "Tver",
    "action_flag": 1,
    "change_message": "[{\"added\": {}}]"
  }
},
{
  "model": "admin.logentry",
  "pk": 18,
  "fields": {
    "action_time": "2022-12-18T23:02:43.799Z",
    "user": 1,
    "content_type": 2,
    "object_id": "12",
    "object_repr": "Torzhok",
    "action_flag": 1,
    "change_message": "[{\"added\": {}}]"
  }
},
{
  "model": "admin.logentry",
  "pk": 19,
  "fields": {
    "action_time": "2022-12-18T23:03:52.162Z",
    "user": 1,
    "content_type": 1,
    "object_id": "1",
    "object_repr": "Den kak den",
    "action_flag": 1,
    "change_message": "[{\"added\": {}}]"
  }
},
{
  "model": "admin.logentry",
  "pk": 20,
  "fields": {
    "action_time": "2022-12-18T23:04:21.683Z",
    "user": 1,
    "content_type": 1,
    "object_id": "2",
    "object_repr": "Zdorove",
    "action_flag": 1,
    "change_message": "[{\"added\": {}}]"
  }
},
{
  "model": "admin.logentry",
  "pk": 21,
  "fields": {
    "action_time": "2022-12-18T23:04:48.752Z",
    "user": 1,
    "content_type": 1,
    "object_id": "3",
    "object_repr": "Nablyudeniya",
    "action_flag": 1,
    "change_message": "[{\"added\": {}}]"
  }
},
{
  "model": "admin.logentry",
  "pk": 22,
  "fields": {
    "action_time": "2022-12-18T23:05:14.574Z",
    "user": 1,
    "content_type": 1,
    "object_id": "4",
    "object_repr": "Posidelki",
    "action_flag": 1,
    "change_message": "[{\"added\": {}}]"
  }
},
{
  "model": "admin.logentry",
  "pk": 23,
  "fields": {
    "action_time": "2022-12-18T23:05:41.356Z",
    "user": 1,
    "content_type": 1,
    "object_id": "5",
    "object_repr": "Puteshestviya",
    "action_flag": 1,
    "change_message": "[{\"added\": {}}]"
  }
},
{
  "model": "admin.logentry",
  "pk": 24,
  "fields": {
    "action_time": "2022-12-18T23:06:07.546Z",
    "user": 1,
    "content_type": 1,
    "object_id": "6",
    "object_repr": "Rabota",
    "action_flag": 1,
    "change_message": "[{\"added\": {}}]"
  }
},
{
  "model": "admin.logentry",
  "pk": 25,
  "fields": {
    "action_time": "2022-12-18T23:08:09.337Z",
    "user": 1,
    "content_type": 3,
    "object_id": "2",
    "object_repr": "Bliny",
    "action_flag": 2,
    "change_message": "[{\"changed\": {\"fields\": [\"\\u0417\\u0430\\u0433\\u043e\\u043b\\u043e\\u0432\\u043e\\u043a\"]}}]"
  }
},
{
  "model": "admin.logentry",
  "pk": 26,
  "fields": {
    "action_time": "2022-12-18T23:08:31.327Z",
    "user": 1,
    "content_type": 3,
    "object_id": "22",
    "object_repr": "Krazha",
    "action_flag": 2,
    "change_message": "[{\"changed\": {\"fields\": [\"\\u0417\\u0430\\u0433\\u043e\\u043b\\u043e\\u0432\\u043e\\u043a\"]}}]"
  }
},
{
  "model": "admin.logentry",
  "pk": 27,
  "fields": {
    "action_time": "2022-12-18T23:08:44.897Z",
    "user": 1,
    "content_type": 3,
    "object_id": "21",
    "object_repr": "Nepriyatnoe zrelishche",
    "action_flag": 2,
    "change_message": "[{\"changed\": {\"fields\": [\"\\u0417\\u0430\\u0433\\u043e\\u043b\\u043e\\u0432\\u043e\\u043a\"]}}]"
  }
},
{
  "model": "admin.logentry",
  "pk": 28,
  "fields": {
    "action_time": "2022-12-18T23:09:09.960Z",
    "user": 1,
    "content_type": 3,
    "object_id": "20",
    "object_repr": "Priznaniya shpiona",
    "action_flag": 2,
    "change_message": "[{\"changed\": {\"fields\": [\"\\u0417\\u0430\\u0433\\u043e\\u043b\\u043e\\u0432\\u043e\\u043a\", \"\\u0422\\u0435\\u043a\\u0441\\u0442\"]}}]"
  }
},
{
  "model": "admin.logentry",
  "pk": 29,
  "fields": {
    "action_time": "2022-12-18T23:09:22.383Z",
    "user": 1,
    "content_type": 3,
    "object_id": "22",
    "object_repr": "Krazha",
    "action_flag": 2,
    "change_message": "[{\"changed\": {\"fields\": [\"\\u0422\\u0435\\u043a\\u0441\\u0442\"]}}]"
  }
},
{
  "model": "admin.logentry",
  "pk": 30,
  "fields": {
    "action_time": "2022-12-18T23:09:27.837Z",
    "user": 1,
    "content_type": 3,
    "object_id": "21",
    "object_repr": "Nepriyatnoe zrelishche",
    "action_flag": 2,
    "change_message": "[{\"changed\": {\"fields\": [\"\\u0422\\u0435\\u043a\\u0441\\u0442\"]}}]"
  }
},
{
  "model": "admin.logentry",
  "pk": 31,
  "fields": {
    "action_time": "2022-12-18T23:09:45.708Z",
    "user": 1,
    "content_type": 3,
    "object_id": "19",
    "object_repr": "Znakomstvo s Maksimom Kovalevskim",
    "action_flag": 2,
    "change_message": "[{\"changed\": {\"fields\": [\"\\u0417\\u0430\\u0433\\u043e\\u043b\\u043e\\u0432\\u043e\\u043a\", \"\\u0422\\u0435\\u043a\\u0441\\u0442\"]}}]"
  }
},
{
  "model": "admin.logentry",
  "pk": 32,
  "fields": {
    "action_time": "2022-12-18T23:10:06.162Z",
    "user": 1,
    "content_type": 3,
    "object_id": "18",
    "object_repr": "Doroga",
    "action_flag": 2,
    "change_message": "[{\"changed\": {\"fields\": [\"\\u0417\\u0430\\u0433\\u043e\\u043b\\u043e\\u0432\\u043e\\u043a\", \"\\u0422\\u0435\\u043a\\u0441\\u0442\"]}}]"
  }
},
{
  "model": "admin.logentry",
  "pk": 33,
  "fields": {
    "action_time": "2022-12-18T23:10:29.853Z",
    "user": 1,
    "content_type": 3,
    "object_id": "17",
    "object_repr": "Boi s korovami",
    "action_flag": 2,
    "change_message": "[{\"changed\": {\"fields\": [\"\\u0417\\u0430\\u0433\\u043e\\u043b\\u043e\\u0432\\u043e\\u043a\", \"\\u0422\\u0435\\u043a\\u0441\\u0442\"]}}]"
  }
},
{
  "model": "admin.logentry",
  "pk": 34,
  "fields": {
    "action_time": "2022-12-18T23:11:06.540Z",
    "user": 1,
    "content_type": 3,
    "object_id": "16",
    "object_repr": "Zdes mnogo russkikh",
    "action_flag": 2,
    "change_message": "[{\"changed\": {\"fields\": [\"\\u0417\\u0430\\u0433\\u043e\\u043b\\u043e\\u0432\\u043e\\u043a\", \"\\u0422\\u0435\\u043a\\u0441\\u0442\"]}}]"
  }
},
{
  "model": "admin.logentry",
  "pk": 35,
  "fields": {
    "action_time": "2022-12-18T23:11:20.482Z",
    "user": 1,
    "content_type": 3,
    "object_id": "15",
    "object_repr": "Parizh",
    "action_flag": 2,
    "change_message": "[{\"changed\": {\"fields\": [\"\\u0417\\u0430\\u0433\\u043e\\u043b\\u043e\\u0432\\u043e\\u043a\", \"\\u0422\\u0435\\u043a\\u0441\\u0442\"]}}]"
  }
},
{
  "model": "admin.logentry",
  "pk": 36,
  "fields": {
    "action_time": "2022-12-18T23:12:07.616Z",
    "user": 1,
    "content_type": 3,
    "object_id": "14",
    "object_repr": "Klopy",
    "action_flag": 2,
    "change_message": "[{\"changed\": {\"fields\": [\"\\u0417\\u0430\\u0433\\u043e\\u043b\\u043e\\u0432\\u043e\\u043a\"]}}]"
  }
},
{
  "model": "admin.logentry",
  "pk": 37,
  "fields": {
    "action_time": "2022-12-18T23:12:24.037Z",
    "user": 1,
    "content_type": 3,
    "object_id": "13",
    "object_repr": "Ya v Peterburge",
    "action_flag": 2,
    "change_message": "[{\"changed\": {\"fields\": [\"\\u0417\\u0430\\u0433\\u043e\\u043b\\u043e\\u0432\\u043e\\u043a\", \"\\u0422\\u0435\\u043a\\u0441\\u0442\"]}}]"
  }
},
{
  "model": "admin.logentry",
  "pk": 38,
  "fields": {
    "action_time": "2022-12-18T23:12:42.230Z",
    "user": 1,
    "content_type": 3,
    "object_id": "12",
    "object_repr": "Medal",
    "action_flag": 2,
    "change_message": "[{\"changed\": {\"fields\": [\"\\u0417\\u0430\\u0433\\u043e\\u043b\\u043e\\u0432\\u043e\\u043a\", \"\\u0422\\u0435\\u043a\\u0441\\u0442\"]}}]"
  }
},
{
  "model": "admin.logentry",
  "pk": 39,
  "fields": {
    "action_time": "2022-12-18T23:12:57.698Z",
    "user": 1,
    "content_type": 3,
    "object_id": "11",
    "object_repr": "Menya pishet khudozhnik",
    "action_flag": 2,
    "change_message": "[{\"changed\": {\"fields\": [\"\\u0417\\u0430\\u0433\\u043e\\u043b\\u043e\\u0432\\u043e\\u043a\"]}}]"
  }
},
{
  "model": "admin.logentry",
  "pk": 40,
  "fields": {
    "action_time": "2022-12-18T23:13:18.786Z",
    "user": 1,
    "content_type": 3,
    "object_id": "10",
    "object_repr": "Osvyashchenie shkoly v Novoselkakh",
    "action_flag": 2,
    "change_message": "[{\"changed\": {\"fields\": [\"\\u0417\\u0430\\u0433\\u043e\\u043b\\u043e\\u0432\\u043e\\u043a\"]}}]"
  }
},
{
  "model": "admin.logentry",
  "pk": 41,
  "fields": {
    "action_time": "2022-12-18T23:13:52.846Z",
    "user": 1,
    "content_type": 3,
    "object_id": "9",
    "object_repr": "Dve shkoly",
    "action_flag": 2,
    "change_message": "[{\"changed\": {\"fields\": [\"\\u0417\\u0430\\u0433\\u043e\\u043b\\u043e\\u0432\\u043e\\u043a\"]}}]"
  }
},
{
  "model": "admin.logentry",
  "pk": 42,
  "fields": {
    "action_time": "2022-12-18T23:14:07.781Z",
    "user": 1,
    "content_type": 3,
    "object_id": "8",
    "object_repr": "Gosti",
    "action_flag": 2,
    "change_message": "[{\"changed\": {\"fields\": [\"\\u0417\\u0430\\u0433\\u043e\\u043b\\u043e\\u0432\\u043e\\u043a\", \"\\u0422\\u0435\\u043a\\u0441\\u0442\"]}}]"
  }
},
{
  "model": "admin.logentry",
  "pk": 43,
  "fields": {
    "action_time": "2022-12-18T23:14:22.249Z",
    "user": 1,
    "content_type": 3,
    "object_id": "7",
    "object_repr": "Priezzhal ko mne Ivan Shcheglov",
    "action_flag": 2,
    "change_message": "[{\"changed\": {\"fields\": [\"\\u0417\\u0430\\u0433\\u043e\\u043b\\u043e\\u0432\\u043e\\u043a\", \"\\u0422\\u0435\\u043a\\u0441\\u0442\"]}}]"
  }
},
{
  "model": "admin.logentry",
  "pk": 44,
  "fields": {
    "action_time": "2022-12-18T23:14:35.935Z",
    "user": 1,
    "content_type": 3,
    "object_id": "6",
    "object_repr": "Krovokharkane",
    "action_flag": 2,
    "change_message": "[{\"changed\": {\"fields\": [\"\\u0417\\u0430\\u0433\\u043e\\u043b\\u043e\\u0432\\u043e\\u043a\"]}}]"
  }
},
{
  "model": "admin.logentry",
  "pk": 45,
  "fields": {
    "action_time": "2022-12-18T23:14:48.299Z",
    "user": 1,
    "content_type": 3,
    "object_id": "39",
    "object_repr": "Ne durno prozhil",
    "action_flag": 2,
    "change_message": "[]"
  }
},
{
  "model": "admin.logentry",
  "pk": 46,
  "fields": {
    "action_time": "2022-12-18T23:15:10.444Z",
    "user": 1,
    "content_type": 3,
    "object_id": "38",
    "object_repr": "Batyushki, skolko dnei propustil",
    "action_flag": 2,
    "change_message": "[{\"changed\": {\"fields\": [\"\\u0417\\u0430\\u0433\\u043e\\u043b\\u043e\\u0432\\u043e\\u043a\"]}}]"
  }
},
{
  "model": "admin.logentry",
  "pk": 47,
  "fields": {
    "action_time": "2022-12-18T23:15:29.280Z",
    "user": 1,
    "content_type": 3,
    "object_id": "37",
    "object_repr": "Utrom pochti ne zanimalsya",
    "action_flag": 2,
    "change_message": "[{\"changed\": {\"fields\": [\"\\u0417\\u0430\\u0433\\u043e\\u043b\\u043e\\u0432\\u043e\\u043a\"]}}]"
  }
},
{
  "model": "admin.logentry",
  "pk": 48,
  "fields": {
    "action_time": "2022-12-18T23:15:44.033Z",
    "user": 1,
    "content_type": 3,
    "object_id": "36",
    "object_repr": "Zhiv. Sovershenno zdorov.",
    "action_flag": 2,
    "change_message": "[{\"changed\": {\"fields\": [\"\\u0417\\u0430\\u0433\\u043e\\u043b\\u043e\\u0432\\u043e\\u043a\"]}}]"
  }
},
{
  "model": "admin.logentry",
  "pk": 49,
  "fields": {
    "action_time": "2022-12-18T23:16:07.581Z",
    "user": 1,
    "content_type": 3,
    "object_id": "5",
    "object_repr": "Lyubitelskii spektakl",
    "action_flag": 2,
    "change_message": "[{\"changed\": {\"fields\": [\"\\u0417\\u0430\\u0433\\u043e\\u043b\\u043e\\u0432\\u043e\\u043a\"]}}]"
  }
},
{
  "model": "admin.logentry",
  "pk": 50,
  "fields": {
    "action_time": "2022-12-18T23:16:30.714Z",
    "user": 1,
    "content_type": 3,
    "object_id": "4",
    "object_repr": "Obed v «Kontinentale»",
    "action_flag": 2,
    "change_message": "[{\"changed\": {\"fields\": [\"\\u0417\\u0430\\u0433\\u043e\\u043b\\u043e\\u0432\\u043e\\u043a\"]}}]"
  }
},
{
  "model": "admin.logentry",
  "pk": 51,
  "fields": {
    "action_time": "2022-12-18T23:17:02.556Z",
    "user": 1,
    "content_type": 3,
    "object_id": "3",
    "object_repr": "Sobralis v redaktsii «Russkoi mysli»",
    "action_flag": 2,
    "change_message": "[{\"changed\": {\"fields\": [\"\\u0417\\u0430\\u0433\\u043e\\u043b\\u043e\\u0432\\u043e\\u043a\"]}}]"
  }
},
{
  "model": "admin.logentry",
  "pk": 52,
  "fields": {
    "action_time": "2022-12-18T23:17:23.935Z",
    "user": 1,
    "content_type": 3,
    "object_id": "1",
    "object_repr": "Obed",
    "action_flag": 2,
    "change_message": "[{\"changed\": {\"fields\": [\"\\u0417\\u0430\\u0433\\u043e\\u043b\\u043e\\u0432\\u043e\\u043a\", \"\\u0422\\u0435\\u043a\\u0441\\u0442\"]}}]"
  }
},
{
  "model": "admin.logentry",
  "pk": 53,
  "fields": {
    "action_time": "2022-12-18T23:17:50.476Z",
    "user": 1,
    "content_type": 3,
    "object_id": "35",
    "object_repr": "Khodili po gorodu",
    "action_flag": 2,
    "change_message": "[{\"changed\": {\"fields\": [\"\\u0417\\u0430\\u0433\\u043e\\u043b\\u043e\\u0432\\u043e\\u043a\", \"\\u0422\\u0435\\u043a\\u0441\\u0442\"]}}]"
  }
},
{
  "model": "admin.logentry",
  "pk": 54,
  "fields": {
    "action_time": "2022-12-18T23:18:06.016Z",
    "user": 1,
    "content_type": 3,
    "object_id": "34",
    "object_repr": "Polnoch. Torzhok.",
    "action_flag": 2,
    "change_message": "[{\"changed\": {\"fields\": [\"\\u0417\\u0430\\u0433\\u043e\\u043b\\u043e\\u0432\\u043e\\u043a\", \"\\u0422\\u0435\\u043a\\u0441\\u0442\"]}}]"
  }
},
{
  "model": "admin.logentry",
  "pk": 55,
  "fields": {
    "action_time": "2022-12-18T23:18:36.660Z",
    "user": 1,
    "content_type": 3,
    "object_id": "33",
    "object_repr": "Pozdravil Kolyshkina",
    "action_flag": 2,
    "change_message": "[{\"changed\": {\"fields\": [\"\\u0417\\u0430\\u0433\\u043e\\u043b\\u043e\\u0432\\u043e\\u043a\", \"\\u0422\\u0435\\u043a\\u0441\\u0442\"]}}]"
  }
},
{
  "model": "admin.logentry",
  "pk": 56,
  "fields": {
    "action_time": "2022-12-18T23:19:08.499Z",
    "user": 1,
    "content_type": 3,
    "object_id": "32",
    "object_repr": "Nemnogo uspokoilsya",
    "action_flag": 2,
    "change_message": "[{\"changed\": {\"fields\": [\"\\u0417\\u0430\\u0433\\u043e\\u043b\\u043e\\u0432\\u043e\\u043a\", \"\\u0422\\u0435\\u043a\\u0441\\u0442\"]}}]"
  }
},
{
  "model": "admin.logentry",
  "pk": 57,
  "fields": {
    "action_time": "2022-12-18T23:19:28.188Z",
    "user": 1,
    "content_type": 3,
    "object_id": "31",
    "object_repr": "Poluchil Russkuyu besedu",
    "action_flag": 2,
    "change_message": "[{\"changed\": {\"fields\": [\"\\u0417\\u0430\\u0433\\u043e\\u043b\\u043e\\u0432\\u043e\\u043a\", \"\\u0422\\u0435\\u043a\\u0441\\u0442\"]}}]"
  }
},
{
  "model": "admin.logentry",
  "pk": 58,
  "fields": {
    "action_time": "2022-12-18T23:19:56.617Z",
    "user": 1,
    "content_type": 3,
    "object_id": "30",
    "object_repr": "Prodolzhenie",
    "action_flag": 2,
    "change_message": "[{\"changed\": {\"fields\": [\"\\u0417\\u0430\\u0433\\u043e\\u043b\\u043e\\u0432\\u043e\\u043a\", \"\\u0422\\u0435\\u043a\\u0441\\u0442\"]}}]"
  }
},
{
  "model": "admin.logentry",
  "pk": 59,
  "fields": {
    "action_time": "2022-12-18T23:20:31.006Z",
    "user": 1,
    "content_type": 3,
    "object_id": "29",
    "object_repr": "Noch ne spal",
    "action_flag": 2,
    "change_message": "[{\"changed\": {\"fields\": [\"\\u0417\\u0430\\u0433\\u043e\\u043b\\u043e\\u0432\\u043e\\u043a\", \"\\u0422\\u0435\\u043a\\u0441\\u0442\"]}}]"
  }
},
{
  "model": "admin.logentry",
  "pk": 60,
  "fields": {
    "action_time": "2022-12-18T23:20:46.260Z",
    "user": 1,
    "content_type": 3,
    "object_id": "28",
    "object_repr": "Kolyshkin",
    "action_flag": 2,
    "change_message": "[{\"changed\": {\"fields\": [\"\\u0417\\u0430\\u0433\\u043e\\u043b\\u043e\\u0432\\u043e\\u043a\", \"\\u0422\\u0435\\u043a\\u0441\\u0442\"]}}]"
  }
},
{
  "model": "admin.logentry",
  "pk": 61,
  "fields": {
    "action_time": "2022-12-18T23:21:06.124Z",
    "user": 1,
    "content_type": 3,
    "object_id": "27",
    "object_repr": "Poobedali v traktire",
    "action_flag": 2,
    "change_message": "[{\"changed\": {\"fields\": [\"\\u0417\\u0430\\u0433\\u043e\\u043b\\u043e\\u0432\\u043e\\u043a\", \"\\u0422\\u0435\\u043a\\u0441\\u0442\"]}}]"
  }
},
{
  "model": "admin.logentry",
  "pk": 62,
  "fields": {
    "action_time": "2022-12-18T23:21:22.691Z",
    "user": 1,
    "content_type": 3,
    "object_id": "26",
    "object_repr": "Prosidel ves den doma",
    "action_flag": 2,
    "change_message": "[{\"changed\": {\"fields\": [\"\\u0417\\u0430\\u0433\\u043e\\u043b\\u043e\\u0432\\u043e\\u043a\", \"\\u0422\\u0435\\u043a\\u0441\\u0442\"]}}]"
  }
},
{
  "model": "admin.logentry",
  "pk": 63,
  "fields": {
    "action_time": "2022-12-18T23:21:40.921Z",
    "user": 1,
    "content_type": 3,
    "object_id": "25",
    "object_repr": "Khodili za Tmaku.",
    "action_flag": 2,
    "change_message": "[{\"changed\": {\"fields\": [\"\\u0417\\u0430\\u0433\\u043e\\u043b\\u043e\\u0432\\u043e\\u043a\", \"\\u0422\\u0435\\u043a\\u0441\\u0442\"]}}]"
  }
},
{
  "model": "admin.logentry",
  "pk": 64,
  "fields": {
    "action_time": "2022-12-18T23:22:13.740Z",
    "user": 1,
    "content_type": 3,
    "object_id": "24",
    "object_repr": "Otdokhnuli",
    "action_flag": 2,
    "change_message": "[{\"changed\": {\"fields\": [\"\\u0417\\u0430\\u0433\\u043e\\u043b\\u043e\\u0432\\u043e\\u043a\", \"\\u0422\\u0435\\u043a\\u0441\\u0442\"]}}]"
  }
},
{
  "model": "admin.logentry",
  "pk": 65,
  "fields": {
    "action_time": "2022-12-18T23:22:35.245Z",
    "user": 1,
    "content_type": 3,
    "object_id": "23",
    "object_repr": "Pokupki",
    "action_flag": 2,
    "change_message": "[{\"changed\": {\"fields\": [\"\\u0417\\u0430\\u0433\\u043e\\u043b\\u043e\\u0432\\u043e\\u043a\", \"\\u0422\\u0435\\u043a\\u0441\\u0442\"]}}]"
  }
},
{
  "model": "admin.logentry",
  "pk": 66,
  "fields": {
    "action_time": "2022-12-19T00:21:21.071Z",
    "user": 1,
    "content_type": 3,
    "object_id": "22",
    "object_repr": "Krazha",
    "action_flag": 2,
    "change_message": "[{\"changed\": {\"fields\": [\"\\u041e\\u043f\\u0443\\u0431\\u043b\\u0438\\u043a\\u043e\\u0432\\u0430\\u043d\\u043e\"]}}]"
  }
},
{
  "model": "admin.logentry",
  "pk": 67,
  "fields": {
    "action_time": "2022-12-19T00:22:06.675Z",
    "user": 1,
    "content_type": 3,
    "object_id": "22",
    "object_repr": "Krazha",
    "action_flag": 2,
    "change_message": "[{\"changed\": {\"fields\": [\"\\u041e\\u043f\\u0443\\u0431\\u043b\\u0438\\u043a\\u043e\\u0432\\u0430\\u043d\\u043e\"]}}]"
  }
},
{
  "model": "admin.logentry",
  "pk": 68,
  "fields": {
    "action_time": "2022-12-19T00:24:29.718Z",
    "user": 1,
    "content_type": 1,
    "object_id": "3",
    "object_repr": "Nablyudeniya",
    "action_flag": 2,
    "change_message": "[{\"changed\": {\"fields\": [\"\\u041e\\u043f\\u0443\\u0431\\u043b\\u0438\\u043a\\u043e\\u0432\\u0430\\u043d\\u043e\"]}}]"
  }
},
{
  "model": "admin.logentry",
  "pk": 69,
  "fields": {
    "action_time": "2022-12-19T00:27:51.967Z",
    "user": 1,
    "content_type": 1,
    "object_id": "3",
    "object_repr": "Nablyudeniya",
    "action_flag": 2,
    "change_message": "[{\"changed\": {\"fields\": [\"\\u041e\\u043f\\u0443\\u0431\\u043b\\u0438\\u043a\\u043e\\u0432\\u0430\\u043d\\u043e\"]}}]"
  }
},
{
  "model": "admin.logentry",
  "pk": 70,
  "fields": {
    "action_time": "2022-12-19T13:08:14.521Z",
    "user": 1,
    "content_type": 1,
    "object_id": "6",
    "object_repr": "Rabota",
    "action_flag": 2,
    "change_message": "[{\"changed\": {\"fields\": [\"\\u041e\\u043f\\u0438\\u0441\\u0430\\u043d\\u0438\\u0435\"]}}]"
  }
},
{
  "model": "admin.logentry",
  "pk": 71,
  "fields": {
    "action_time": "2022-12-19T13:08:35.070Z",
    "user": 1,
    "content_type": 1,
    "object_id": "4",
    "object_repr": "Posidelki",
    "action_flag": 2,
    "change_message": "[{\"changed\": {\"fields\": [\"\\u041e\\u043f\\u0438\\u0441\\u0430\\u043d\\u0438\\u0435\"]}}]"
  }
},
{
  "model": "admin.logentry",
  "pk": 72,
  "fields": {
    "action_time": "2022-12-19T13:08:57.899Z",
    "user": 1,
    "content_type": 1,
    "object_id": "3",
    "object_repr": "Nablyudeniya",
    "action_flag": 2,
    "change_message": "[{\"changed\": {\"fields\": [\"\\u041e\\u043f\\u0438\\u0441\\u0430\\u043d\\u0438\\u0435\"]}}]"
  }
},
{
  "model": "admin.logentry",
  "pk": 73,
  "fields": {
    "action_time": "2022-12-19T13:09:11.646Z",
    "user": 1,
    "content_type": 1,
    "object_id": "2",
    "object_repr": "Zdorove",
    "action_flag": 2,
    "change_message": "[{\"changed\": {\"fields\": [\"\\u041e\\u043f\\u0438\\u0441\\u0430\\u043d\\u0438\\u0435\"]}}]"
  }
},
{
  "model": "admin.logentry",
  "pk": 74,
  "fields": {
    "action_time": "2022-12-19T15:39:22.191Z",
    "user": 1,
    "content_type": 1,
    "object_id": "3",
    "object_repr": "Nablyudeniya",
    "action_flag": 2,
    "change_message": "[{\"changed\": {\"fields\": [\"\\u041e\\u043f\\u0443\\u0431\\u043b\\u0438\\u043a\\u043e\\u0432\\u0430\\u043d\\u043e\"]}}]"
  }
},
{
  "model": "admin.logentry",
  "pk": 75,
  "fields": {
    "action_time": "2022-12-19T15:40:46.489Z",
    "user": 1,
    "content_type": 1,
    "object_id": "3",
    "object_repr": "Nablyudeniya",
    "action_flag": 2,
    "change_message": "[{\"changed\": {\"fields\": [\"\\u041e\\u043f\\u0443\\u0431\\u043b\\u0438\\u043a\\u043e\\u0432\\u0430\\u043d\\u043e\"]}}]"
  }
},
{
  "model": "auth.permission",
  "pk": 1,
  "fields": {
    "name": "Can add category",
    "content_type": 1,
    "codename": "add_category"
  }
},
{
  "model": "auth.permission",
  "pk": 2,
  "fields": {
    "name": "Can change category",
    "content_type": 1,
    "codename": "change_category"
  }
},
{
  "model": "auth.permission",
  "pk": 3,
  "fields": {
    "name": "Can delete category",
    "content_type": 1,
    "codename": "delete_category"
  }
},
{
  "model": "auth.permission",
  "pk": 4,
  "fields": {
    "name": "Can view category",
    "content_type": 1,
    "codename": "view_category"
  }
},
{
  "model": "auth.permission",
  "pk": 5,
  "fields": {
    "name": "Can add mestopolozhenie",
    "content_type": 2,
    "codename": "add_location"
  }
},
{
  "model": "auth.permission",
  "pk": 6,
  "fields": {
    "name": "Can change mestopolozhenie",
    "content_type": 2,
    "codename": "change_location"
  }
},
{
  "model": "auth.permission",
  "pk": 7,
  "fields": {
    "name": "Can delete mestopolozhenie",
    "content_type": 2,
    "codename": "delete_location"
  }
},
{
  "model": "auth.permission",
  "pk": 8,
  "fields": {
    "name": "Can view mestopolozhenie",
    "content_type": 2,
    "codename": "view_location"
  }
},
{
  "model": "auth.permission",
  "pk": 9,
  "fields": {
    "name": "Can add post",
    "content_type": 3,
    "codename": "add_post"
  }
},
{
  "model": "auth.permission",
  "pk": 10,
  "fields": {
    "name": "Can change post",
    "content_type": 3,
    "codename": "change_post"
  }
},
{
  "model": "auth.permission",
  "pk": 11,
  "fields": {
    "name": "Can delete post",
    "content_type": 3,
    "codename": "delete_post"
  }
},
{
  "model": "auth.permission",
  "pk": 12,
  "fields": {
    "name": "Can view post",
    "content_type": 3,
    "codename": "view_post"
  }
},
{
  "model": "auth.permission",
  "pk": 13,
  "fields": {
    "name": "Can add log entry",
    "content_type": 4,
    "codename": "add_logentry"
  }
},
{
  "model": "auth.permission",
  "pk": 14,
  "fields": {
    "name": "Can change log entry",
    "content_type": 4,
    "codename": "change_logentry"
  }
},
{
  "model": "auth.permission",
  "pk": 15,
  "fields": {
    "name": "Can delete log entry",
    "content_type": 4,
    "codename": "delete_logentry"
  }
},
{
  "model": "auth.permission",
  "pk": 16,
  "fields": {
    "name": "Can view log entry",
    "content_type": 4,
    "codename": "view_logentry"
  }
},
{
  "model": "auth.permission",
  "pk": 17,
  "fields": {
    "name": "Can add permission",
    "content_type": 5,
    "codename": "add_permission"
  }
},
{
  "model": "auth.permission",
  "pk": 18,
  "fields": {
    "name": "Can change permission",
    "content_type": 5,
    "codename": "change_permission"
  }
},
{
  "model": "auth.permission",
  "pk": 19,
  "fields": {
    "name": "Can delete permission",
    "content_type": 5,
    "codename": "delete_permission"
  }
},
{
  "model": "auth.permission",
  "pk": 20,
  "fields": {
    "name": "Can view permission",
    "content_type": 5,
    "codename": "view_permission"
  }
},
{
  "model": "auth.permission",
  "pk": 21,
  "fields": {
    "name": "Can add group",
    "content_type": 6,
    "codename": "add_group"
  }
},
{
  "model": "auth.permission",
  "pk": 22,
  "fields": {
    "name": "Can change group",
    "content_type": 6,
    "codename": "change_group"
  }
},
{
  "model": "auth.permission",
  "pk": 23,
  "fields": {
    "name": "Can delete group",
    "content_type": 6,
    "codename": "delete_group"
  }
},
{
  "model": "auth.permission",
  "pk": 24,
  "fields": {
    "name": "Can view group",
    "content_type": 6,
    "codename": "view_group"
  }
},
{
  "model": "auth.permission",
  "pk": 25,
  "fields": {
    "name": "Can add user",
    "content_type": 7,
    "codename": "add_user"
  }
},
{
  "model": "auth.permission",
  "pk": 26,
  "fields": {
    "name": "Can change user",
    "content_type": 7,
    "codename": "change_user"
  }
},
{
  "model": "auth.permission",
  "pk": 27,
  "fields": {
    "name": "Can delete user",
    "content_type": 7,
    "codename": "delete_user"
  }
},
{
  "model": "auth.permission",
  "pk": 28,
  "fields": {
    "name": "Can view user",
    "content_type": 7,
    "codename": "view_user"
  }
},
{
  "model": "auth.permission",
  "pk": 29,
  "fields": {
    "name": "Can add content type",
    "content_type": 8,
    "codename": "add_contenttype"
  }
},
{
  "model": "auth.permission",
  "pk": 30,
  "fields": {
    "name": "Can change content type",
    "content_type": 8,
    "codename": "change_contenttype"
  }
},
{
  "model": "auth.permission",
  "pk": 31,
  "fields": {
    "name": "Can delete content type",
    "content_type": 8,
    "codename": "delete_contenttype"
  }
},
{
  "model": "auth.permission",
  "pk": 32,
  "fields": {
    "name": "Can view content type",
    "content_type": 8,
    "codename": "view_contenttype"
  }
},
{
  "model": "auth.permission",
  "pk": 33,
  "fields": {
    "name": "Can add session",
    "content_type": 9,
    "codename": "add_session"
  }
},
{
  "model": "auth.permission",
  "pk": 34,
  "fields": {
    "name": "Can change session",
    "content_type": 9,
    "codename": "change_session"
  }
},
{
  "model": "auth.permission",
  "pk": 35,
  "fields": {
    "name": "Can delete session",
    "content_type": 9,
    "codename": "delete_session"
  }
},
{
  "model": "auth.permission",
  "pk": 36,
  "fields": {
    "name": "Can view session",
    "content_type": 9,
    "codename": "view_session"
  }
},
{
  "model": "auth.user",
  "pk": 1,
  "fields": {
    "password": "pbkdf2_sha256$260000$wkDQh0H0DlA9aVurNkbKY8$Tvo4+TT25kNKFF1sZQ0NlJHYVMOM5UAe42VNeJxmtnY=",
    "last_login": "2022-12-18T22:58:02.841Z",
    "is_superuser": true,
    "username": "admin",
    "first_name": "",
    "last_name": "",
    "email": "ya@ya.ru",
    "is_staff": true,
    "is_active": true,
    "date_joined": "2022-12-18T22:57:29.299Z",
    "groups": [],
    "user_permissions": []
  }
},
{
  "model": "auth.user",
  "pk": 2,
  "fields": {
    "password": "pbkdf2_sha256$260000$Bpi81SWpSA0HDt0G2ofnLt$UdEDuX7nim2Yhd6efVEh86wYueoZVPEI3hdsA1WD3iw=",
    "last_login": null,
    "is_superuser": false,
    "username": "leo",
    "first_name": "Lev",
    "last_name": "Tolstoi",
    "email": "",
    "is_staff": false,
    "is_active": true,
    "date_joined": "2022-12-18T22:58:32Z",
    "groups": [],
    "user_permissions": []
  }
},
{
  "model": "auth.user",
  "pk": 3,
  "fields": {
    "password": "pbkdf2_sha256$260000$30YLQ8AWERcPtAreVHb3IV$pNwoym7Ukiy8ZNv9L8dF3qMXB4yfJObqIsm/yNu6CrA=",
    "last_login": null,
    "is_superuser": false,
    "username": "anton",
    "first_name": "Anton",
    "last_name": "Chekhov",
    "email": "",
    "is_staff": false,
    "is_active": true,
    "date_joined": "2022-12-18T22:58:46Z",
    "groups": [],
    "user_permissions": []
  }
},
{
  "model": "auth.user",
  "pk": 4,
  "fields": {
    "password": "pbkdf2_sha256$260000$bpKvE13bEr0QIlBHTGHT1w$hOiqumJnImTh1RRyS5JYpm3kfT6xjHw7NC8Ss8ePIKY=",
    "last_login": null,
    "is_superuser": false,
    "username": "alex",
    "first_name": "Aleksandr",
    "last_name": "Ostrovskii",
    "email": "",
    "is_staff": false,
    "is_active": true,
    "date_joined": "2022-12-18T22:58:58Z",
    "groups": [],
    "user_permissions": []
  }
},
{
  "model": "sessions.session",
  "pk": "533s8zgj27g7dlfdiszles0j366u5f7e",
  "fields": {
    "session_date": ".eJxVjDsOwjAQBe_iGln-26Gkzxmi9e4aB1As5VMh7k4ipYD2zcx7iwG2tQ7bwvMwkrgKLS6_WwZ88nQAesB0bxLbtM5jlociT7rIvhG_bqf7d1BhqXvNiC6jAyA2vvjcJYyonS4hJMWsnCLLSAELlVi6rLzu0FpSJu26ieLzBRyyOMM:1p72ba:LAe-slAAK1-8xsaD-1zKhBO4iIlnZX7-u0PFzqwcoKY",
    "expire_date": "2023-01-01T22:58:02.843Z"
  }
}
]
